"codigo";"region";"comuna";"personas_proy";"personas";"porcentaje";"limite_inferior";"limite_superior";"casen";"tipo_estimacion"
"1101";"Tarapacá";"Iquique";229674;41966,5662413712;0,182722320512427;0,162429287767374;0,20301535325748;"Sí";"Directa y Sintética (Fay-Herriot)"
"1107";"Tarapacá";"Alto Hospicio";138527;45162,4429812612;0,326019064740168;0,294775537042412;0,357262592437923;"Sí";"Directa y Sintética (Fay-Herriot)"
"1401";"Tarapacá";"Pozo Almonte";18290;4563,39531276156;0,249502204087565;0,199333537665668;0,299670870509462;"Sí";"Directa y Sintética (Fay-Herriot)"
"1402";"Tarapacá";"Camiña";1380;307,626999011738;0,222918115225897;0,137765533111077;0,308070697340718;"Sí";"Sintética"
"1403";"Tarapacá";"Colchane";1575;472,752771580576;0,300160489892429;0,187494667025158;0,4128263127597;"Sí";"Sintética"
"1404";"Tarapacá";"Huara";3072;1184,71901872103;0,385650722239919;0,318692926904102;0,452608517575735;"Sí";"Directa y Sintética (Fay-Herriot)"
"1405";"Tarapacá";"Pica";6184;1040,26724287233;0,168219153116484;0,119493803955386;0,216944502277581;"Sí";"Directa y Sintética (Fay-Herriot)"
"2101";"Antofagasta";"Antofagasta";438942;73102,8869714145;0,166543386077009;0,14085238440102;0,192234387752998;"Sí";"Directa y Sintética (Fay-Herriot)"
"2102";"Antofagasta";"Mejillones";15502;3077,7611637549;0,198539618356012;0,126537913525911;0,270541323186114;"Sí";"Directa y Sintética (Fay-Herriot)"
"2103";"Antofagasta";"Sierra Gorda";1790;294,946135429673;0,164774377335013;0,0742717702223417;0,255276984447684;"Sí";"Sintética"
"2104";"Antofagasta";"Taltal";13892;2937,7489618431;0,211470555848193;0,139991656106668;0,282949455589719;"Sí";"Directa y Sintética (Fay-Herriot)"
"2201";"Antofagasta";"Calama";194772;32667,8064115328;0,167723319632867;0,140592880770365;0,19485375849537;"Sí";"Directa y Sintética (Fay-Herriot)"
"2202";"Antofagasta";"Ollagüe";277;44,5549254121067;0,16084810618089;0,0721307083203344;0,249565504041447;"No";"Sintética"
"2203";"Antofagasta";"San Pedro De Atacama";10862;2439,54272127197;0,224594247953597;0,179050830527501;0,270137665379692;"Sí";"Directa y Sintética (Fay-Herriot)"
"2301";"Antofagasta";"Tocopilla";28296;5805,12653966776;0,205157143754162;0,149187634837038;0,261126652671285;"Sí";"Directa y Sintética (Fay-Herriot)"
"2302";"Antofagasta";"María Elena";6647;1008,64049874652;0,151743718782385;0,0771920021915748;0,226295435373196;"Sí";"Sintética"
"3101";"Atacama";"Copiapó";174693;34633,6354608386;0,198254283004119;0,179991867570217;0,216516698438021;"Sí";"Directa y Sintética (Fay-Herriot)"
"3102";"Atacama";"Caldera";19782;3889,83191716773;0,196634916447666;0,152676711658641;0,240593121236691;"Sí";"Directa y Sintética (Fay-Herriot)"
"3103";"Atacama";"Tierra Amarilla";14407;4971,96445373602;0,345107548673286;0,298508954579916;0,391706142766655;"Sí";"Directa y Sintética (Fay-Herriot)"
"3201";"Atacama";"Chañaral";13094;2984,62764957803;0,227938571069042;0,182145445866054;0,273731696272028;"Sí";"Directa y Sintética (Fay-Herriot)"
"3202";"Atacama";"Diego De Almagro";14082;2666,71142099742;0,189370218789761;0,144321605929407;0,234418831650115;"Sí";"Directa y Sintética (Fay-Herriot)"
"3301";"Atacama";"Vallenar";57266;9456,97512306477;0,165141185399099;0,140953251855693;0,189329118942504;"Sí";"Directa y Sintética (Fay-Herriot)"
"3302";"Atacama";"Alto Del Carmen";5763;1606,9330278071;0,278836201250581;0,188862812609148;0,368809589892014;"Sí";"Sintética"
"3303";"Atacama";"Freirina";7790;2225,45918665117;0,285681538722872;0,223711949834835;0,347651127610909;"Sí";"Directa y Sintética (Fay-Herriot)"
"3304";"Atacama";"Huasco";11485;2045,24732199058;0,178079871309585;0,132262980558537;0,223896762060632;"Sí";"Directa y Sintética (Fay-Herriot)"
"4101";"Coquimbo";"La Serena";260599;34150,9817018664;0,131048015156875;0,101950477495447;0,160145552818302;"Sí";"Directa y Sintética (Fay-Herriot)"
"4102";"Coquimbo";"Coquimbo";268325;44874,3858465871;0,167238929829823;0,13092038249804;0,203557477161605;"Sí";"Directa y Sintética (Fay-Herriot)"
"4103";"Coquimbo";"Andacollo";11819;2287,33183705075;0,193530064899801;0,130717147735587;0,256342982064015;"Sí";"Directa y Sintética (Fay-Herriot)"
"4104";"Coquimbo";"La Higuera";4508;1331,20256137288;0,295297817518385;0,227237140807602;0,363358494229168;"Sí";"Directa y Sintética (Fay-Herriot)"
"4105";"Coquimbo";"Paiguano";4695;710,78098704235;0,151391051553216;0,092777065077305;0,210005038029128;"Sí";"Directa y Sintética (Fay-Herriot)"
"4106";"Coquimbo";"Vicuña";30247;5887,61909871551;0,194651340586356;0,127520154514649;0,261782526658063;"Sí";"Directa y Sintética (Fay-Herriot)"
"4201";"Coquimbo";"Illapel";32965;5590,63249963015;0,169592977389053;0,106653046103158;0,232532908674948;"Sí";"Directa y Sintética (Fay-Herriot)"
"4202";"Coquimbo";"Canela";9535;2277,45684699757;0,238852317461727;0,167621229641327;0,310083405282128;"Sí";"Directa y Sintética (Fay-Herriot)"
"4203";"Coquimbo";"Los Vilos";24015;5025,78884225896;0,209277070258545;0,146657099905419;0,271897040611671;"Sí";"Directa y Sintética (Fay-Herriot)"
"4204";"Coquimbo";"Salamanca";29631;4145,41655289113;0,139901338223183;0,081803069658907;0,197999606787459;"Sí";"Directa y Sintética (Fay-Herriot)"
"4301";"Coquimbo";"Ovalle";123252;22146,0256975175;0,179680862765046;0,133839855860674;0,225521869669419;"Sí";"Directa y Sintética (Fay-Herriot)"
"4302";"Coquimbo";"Combarbalá";13884;3110,42292027607;0,224029308576496;0,150958380509664;0,297100236643328;"Sí";"Directa y Sintética (Fay-Herriot)"
"4303";"Coquimbo";"Monte Patria";32649;7569,69711167727;0,231850810489671;0,159756544389228;0,303945076590115;"Sí";"Directa y Sintética (Fay-Herriot)"
"4304";"Coquimbo";"Punitaqui";12396;3318,71099761657;0,267724346371133;0,195931024521824;0,339517668220442;"Sí";"Directa y Sintética (Fay-Herriot)"
"4305";"Coquimbo";"Río Hurtado";4327;987,799094108278;0,228287287753242;0,159445917104401;0,297128658402083;"Sí";"Directa y Sintética (Fay-Herriot)"
"5101";"Valparaíso";"Valparaíso";318916;60901,1166004179;0,190962876119159;0,157855422851552;0,224070329386766;"Sí";"Directa y Sintética (Fay-Herriot)"
"5102";"Valparaíso";"Casablanca";30028;5890,59224324096;0,19616998279076;0,138254257367781;0,25408570821374;"Sí";"Directa y Sintética (Fay-Herriot)"
"5103";"Valparaíso";"Concón";47320;6341,27979554222;0,134008448764629;0,087641049983914;0,180375847545343;"Sí";"Directa y Sintética (Fay-Herriot)"
"5104";"Valparaíso";"Juan Fernández";1081;60,8401145325299;0,0562813270421183;0,00347437900656684;0,10908827507767;"No";"Sintética"
"5105";"Valparaíso";"Puchuncaví";20785;6568,06951312153;0,316000457691678;0,252050286158266;0,379950629225091;"Sí";"Directa y Sintética (Fay-Herriot)"
"5107";"Valparaíso";"Quintero";37691;8825,23018407174;0,23414688344888;0,176837514311876;0,291456252585884;"Sí";"Directa y Sintética (Fay-Herriot)"
"5109";"Valparaíso";"Viña Del Mar";367792;54770,7535764761;0,14891774039804;0,121649855710222;0,176185625085859;"Sí";"Directa y Sintética (Fay-Herriot)"
"5201";"Valparaíso";"Isla De Pascua";8656;1079,9227901014;0,124760026582879;0,0602866903451065;0,189233362820651;"No";"Sintética"
"5301";"Valparaíso";"Los Andes";68637;10428,8004867901;0,151941379821236;0,109747850757551;0,194134908884919;"Sí";"Directa y Sintética (Fay-Herriot)"
"5302";"Valparaíso";"Calle Larga";17225;2492,35525085669;0,144694063910403;0,0919866717217372;0,197401456099069;"Sí";"Directa y Sintética (Fay-Herriot)"
"5303";"Valparaíso";"Rinconada";11739;2946,45281107681;0,250996917205623;0,171082162612285;0,330911671798961;"Sí";"Sintética"
"5304";"Valparaíso";"San Esteban";21340;4472,73512509437;0,209593960876025;0,142048364707636;0,277139557044414;"Sí";"Directa y Sintética (Fay-Herriot)"
"5401";"Valparaíso";"La Ligua";38178;9013,15885879303;0,236082530745273;0,173539897708742;0,298625163781804;"Sí";"Directa y Sintética (Fay-Herriot)"
"5402";"Valparaíso";"Cabildo";20747;4262,20865733262;0,205437347921754;0,140434114016653;0,270440581826854;"Sí";"Directa y Sintética (Fay-Herriot)"
"5403";"Valparaíso";"Papudo";6357;1198,4008032497;0,188516722235284;0,126975119769908;0,25005832470066;"Sí";"Directa y Sintética (Fay-Herriot)"
"5404";"Valparaíso";"Petorca";10606;1744,9792050968;0,164527550923704;0,106106761145194;0,222948340702214;"Sí";"Directa y Sintética (Fay-Herriot)"
"5405";"Valparaíso";"Zapallar";8234;2193,84114722634;0,266436865099142;0,223703902724501;0,309169827473784;"Sí";"Directa y Sintética (Fay-Herriot)"
"5501";"Valparaíso";"Quillota";99694;15434,4213874857;0,154817956822734;0,112215276214844;0,197420637430624;"Sí";"Directa y Sintética (Fay-Herriot)"
"5502";"Valparaíso";"Calera";53820;9000,15406278632;0,167226942823975;0,121920923430388;0,212532962217562;"Sí";"Directa y Sintética (Fay-Herriot)"
"5503";"Valparaíso";"Hijuelas";19342;4320,5339480269;0,223375759902125;0,157163955763639;0,289587564040611;"Sí";"Directa y Sintética (Fay-Herriot)"
"5504";"Valparaíso";"La Cruz";26916;3757,78261917982;0,13961148087308;0,0875920796311748;0,191630882114985;"Sí";"Directa y Sintética (Fay-Herriot)"
"5506";"Valparaíso";"Nogales";23603;3558,71899149192;0,150774011417698;0,0923454210686927;0,209202601766703;"Sí";"Directa y Sintética (Fay-Herriot)"
"5601";"Valparaíso";"San Antonio";97919;13921,7982281045;0,14217667897042;0,0954419500019376;0,188911407938902;"Sí";"Directa y Sintética (Fay-Herriot)"
"5602";"Valparaíso";"Algarrobo";15724;3079,29572140005;0,195834121177821;0,14102340610625;0,250644836249391;"Sí";"Directa y Sintética (Fay-Herriot)"
"5603";"Valparaíso";"Cartagena";26416;7492,12920612392;0,283620881515896;0,22433126325797;0,342910499773823;"Sí";"Directa y Sintética (Fay-Herriot)"
"5604";"Valparaíso";"El Quisco";18432;2161,46026752031;0,11726672458335;0,0597709395033131;0,174762509663387;"Sí";"Directa y Sintética (Fay-Herriot)"
"5605";"Valparaíso";"El Tabo";14888;3081,60669792735;0,206985941558796;0,138357503818768;0,275614379298823;"Sí";"Directa y Sintética (Fay-Herriot)"
"5606";"Valparaíso";"Santo Domingo";12364;1994,3310886763;0,161301446835676;0,0961042232332168;0,226498670438136;"Sí";"Sintética"
"5701";"Valparaíso";"San Felipe";85576;14721,7201332971;0,172030944812764;0,130315003135647;0,21374688648988;"Sí";"Directa y Sintética (Fay-Herriot)"
"5702";"Valparaíso";"Catemu";15528;2866,02269951975;0,184571271221004;0,12534492842488;0,243797614017128;"Sí";"Directa y Sintética (Fay-Herriot)"
"5703";"Valparaíso";"Llaillay";27021;4198,68823786213;0,155386115904745;0,0984485850734419;0,212323646736049;"Sí";"Directa y Sintética (Fay-Herriot)"
"5704";"Valparaíso";"Panquehue";7762;1416,8070033787;0,182531177966851;0,12985300035703;0,235209355576672;"Sí";"Directa y Sintética (Fay-Herriot)"
"5705";"Valparaíso";"Putaendo";17884;4146,33074506384;0,23184582560187;0,163944936075;0,299746715128739;"Sí";"Directa y Sintética (Fay-Herriot)"
"5706";"Valparaíso";"Santa María";16746;3312,0732871654;0,197782950386087;0,134782585385291;0,260783315386882;"Sí";"Directa y Sintética (Fay-Herriot)"
"5801";"Valparaíso";"Quilpué";171137;27433,693671224;0,16030252763122;0,129531245894398;0,191073809368041;"Sí";"Directa y Sintética (Fay-Herriot)"
"5802";"Valparaíso";"Limache";51006;8985,30645459994;0,176161754589655;0,120403183308599;0,231920325870711;"Sí";"Directa y Sintética (Fay-Herriot)"
"5803";"Valparaíso";"Olmué";19878;5191,00787798059;0,261143368446553;0,196044041759157;0,32624269513395;"Sí";"Directa y Sintética (Fay-Herriot)"
"5804";"Valparaíso";"Villa Alemana";144303;21593,0098570898;0,149636597001378;0,110440516431499;0,188832677571257;"Sí";"Directa y Sintética (Fay-Herriot)"
"6101";"O'Higgins";"Rancagua";270994;39778,1460455669;0,146786076612644;0,125237822272294;0,168334330952994;"Sí";"Directa y Sintética (Fay-Herriot)"
"6102";"O'Higgins";"Codegua";14424;2618,08366022844;0,181508850542737;0,126560941800969;0,236456759284505;"Sí";"Directa y Sintética (Fay-Herriot)"
"6103";"O'Higgins";"Coinco";7957;1739,83336705544;0,218654438488807;0,165949419343634;0,27135945763398;"Sí";"Directa y Sintética (Fay-Herriot)"
"6104";"O'Higgins";"Coltauco";21816;3578,75909482154;0,164042862798934;0,112573220841265;0,215512504756602;"Sí";"Directa y Sintética (Fay-Herriot)"
"6105";"O'Higgins";"Doñihue";23288;3505,36406101413;0,150522331716512;0,105331217705631;0,195713445727393;"Sí";"Directa y Sintética (Fay-Herriot)"
"6106";"O'Higgins";"Graneros";37562;4981,17686755483;0,13261213107808;0,0887801853790864;0,176444076777073;"Sí";"Directa y Sintética (Fay-Herriot)"
"6107";"O'Higgins";"Las Cabras";27350;4505,11662548096;0,164720900383216;0,107309618765666;0,222132182000766;"Sí";"Directa y Sintética (Fay-Herriot)"
"6108";"O'Higgins";"Machalí";62947;8109,33298510515;0,128827950261413;0,0954166106619367;0,162239289860889;"Sí";"Directa y Sintética (Fay-Herriot)"
"6109";"O'Higgins";"Malloa";14257;1910,10516981245;0,133976654963348;0,0820854143583155;0,185867895568381;"Sí";"Directa y Sintética (Fay-Herriot)"
"6110";"O'Higgins";"Mostazal";28147;5919,72005664248;0,210314422732173;0,154398616579664;0,266230228884682;"Sí";"Directa y Sintética (Fay-Herriot)"
"6111";"O'Higgins";"Olivar";14869;2740,64103600675;0,184319122739038;0,124467895836297;0,244170349641779;"Sí";"Directa y Sintética (Fay-Herriot)"
"6112";"O'Higgins";"Peumo";15001;1622,2480955045;0,108142663522732;0,062649177459341;0,153636149586122;"Sí";"Directa y Sintética (Fay-Herriot)"
"6113";"O'Higgins";"Pichidegua";20969;2734,67179467339;0,130414983770012;0,0771772890557837;0,183652678484241;"Sí";"Directa y Sintética (Fay-Herriot)"
"6114";"O'Higgins";"Quinta De Tilcoco";14134;2085,4379711113;0,147547613634591;0,0944938769189314;0,20060135035025;"Sí";"Directa y Sintética (Fay-Herriot)"
"6115";"O'Higgins";"Rengo";65037;8824,36599730085;0,135682242374354;0,0975656550666928;0,173798829682015;"Sí";"Directa y Sintética (Fay-Herriot)"
"6116";"O'Higgins";"Requínoa";31219;5241,51237959334;0,167894947935339;0,117651887698761;0,218138008171917;"Sí";"Directa y Sintética (Fay-Herriot)"
"6117";"O'Higgins";"San Vicente";51677;8853,50620847454;0,171323919896173;0,12251581178301;0,220132028009336;"Sí";"Directa y Sintética (Fay-Herriot)"
"6201";"O'Higgins";"Pichilemu";18463;3345,1236963714;0,181179856814786;0,120395305409991;0,241964408219582;"Sí";"Directa y Sintética (Fay-Herriot)"
"6202";"O'Higgins";"La Estrella";3105;493,585918587565;0,158964869110327;0,0886432039605816;0,229286534260072;"Sí";"Sintética"
"6203";"O'Higgins";"Litueche";6886;1917,67556777625;0,278489045567274;0,208309801827959;0,348668289306589;"Sí";"Directa y Sintética (Fay-Herriot)"
"6204";"O'Higgins";"Marchihue";7684;1285,33827957835;0,167274632948771;0,100840099558192;0,233709166339349;"Sí";"Sintética"
"6205";"O'Higgins";"Navidad";7050;1455,70444808722;0,206482900437903;0,137667777005604;0,275298023870203;"Sí";"Directa y Sintética (Fay-Herriot)"
"6206";"O'Higgins";"Paredones";6298;1334,87130211161;0,211951619897048;0,143470135359615;0,28043310443448;"Sí";"Directa y Sintética (Fay-Herriot)"
"6301";"O'Higgins";"San Fernando";80197;10940,1350381369;0,136415764157474;0,0987217766837813;0,174109751631166;"Sí";"Directa y Sintética (Fay-Herriot)"
"6302";"O'Higgins";"Chépica";16080;2629,55189052296;0,163529346425557;0,107468812158812;0,219589880692302;"Sí";"Directa y Sintética (Fay-Herriot)"
"6303";"O'Higgins";"Chimbarongo";38164;6662,11331592639;0,174565384024903;0,127449788171686;0,22168097987812;"Sí";"Directa y Sintética (Fay-Herriot)"
"6304";"O'Higgins";"Lolol";7396;1628,54759213301;0,220193022192133;0,146603254882345;0,29378278950192;"Sí";"Sintética"
"6305";"O'Higgins";"Nancagua";19498;3025,55393232839;0,155172527045255;0,108207828149519;0,202137225940991;"Sí";"Directa y Sintética (Fay-Herriot)"
"6306";"O'Higgins";"Palmilla";13484;2446,63276358591;0,181447104982639;0,11803291462892;0,244861295336358;"Sí";"Directa y Sintética (Fay-Herriot)"
"6307";"O'Higgins";"Peralillo";12061;1904,05795904552;0,157868995858181;0,106187987300895;0,209550004415468;"Sí";"Directa y Sintética (Fay-Herriot)"
"6308";"O'Higgins";"Placilla";9244;1758,72813198156;0,190256180439373;0,131341336450452;0,249171024428294;"Sí";"Directa y Sintética (Fay-Herriot)"
"6309";"O'Higgins";"Pumanque";3523;518,207385762834;0,147092644269893;0,0765776782143409;0,217607610325446;"Sí";"Sintética"
"6310";"O'Higgins";"Santa Cruz";42033;4446,04336403765;0,105775066353523;0,0613603181724297;0,150189814534617;"Sí";"Directa y Sintética (Fay-Herriot)"
"7101";"Maule";"Talca";240239;25567,3979145044;0,106424843237378;0,0882730549438974;0,124576631530858;"Sí";"Directa y Sintética (Fay-Herriot)"
"7102";"Maule";"Constitución";50536;8675,42182357212;0,171668153862041;0,123590555729587;0,219745751994496;"Sí";"Directa y Sintética (Fay-Herriot)"
"7103";"Maule";"Curepto";9255;1155,84228725468;0,124888415694725;0,0725293522922059;0,177247479097244;"Sí";"Directa y Sintética (Fay-Herriot)"
"7104";"Maule";"Empedrado";4195;759,457598265689;0,181038760015659;0,123068464031859;0,239009055999459;"Sí";"Directa y Sintética (Fay-Herriot)"
"7105";"Maule";"Maule";65590;7239,02900304028;0,110367876246993;0,0691518834350829;0,151583869058903;"Sí";"Directa y Sintética (Fay-Herriot)"
"7106";"Maule";"Pelarco";9289;1913,59256849301;0,206006305145119;0,146903872782396;0,265108737507842;"Sí";"Directa y Sintética (Fay-Herriot)"
"7107";"Maule";"Pencahue";8622;1778,78874051274;0,206308135062948;0,136903430858323;0,275712839267573;"Sí";"Directa y Sintética (Fay-Herriot)"
"7108";"Maule";"Río Claro";14984;3116,6251604414;0,20799687402839;0,14516883296041;0,270824915096371;"Sí";"Directa y Sintética (Fay-Herriot)"
"7109";"Maule";"San Clemente";47340;8536,29250827223;0,180318810905624;0,131955370036823;0,228682251774425;"Sí";"Directa y Sintética (Fay-Herriot)"
"7110";"Maule";"San Rafael";10231;1225,45590848356;0,119778702813367;0,0687251930717376;0,170832212554997;"Sí";"Directa y Sintética (Fay-Herriot)"
"7201";"Maule";"Cauquenes";44334;7147,81491067664;0,161226483301228;0,113582237711262;0,208870728891194;"Sí";"Directa y Sintética (Fay-Herriot)"
"7202";"Maule";"Chanco";9287;2117,74924446048;0,228033729348603;0,167115305075605;0,288952153621602;"Sí";"Directa y Sintética (Fay-Herriot)"
"7203";"Maule";"Pelluhue";8311;1678,00461239465;0,201901649909114;0,138644162231314;0,265159137586915;"Sí";"Directa y Sintética (Fay-Herriot)"
"7301";"Maule";"Curicó";168469;29359,0954271631;0,174270016603429;0,143979249666594;0,204560783540264;"Sí";"Directa y Sintética (Fay-Herriot)"
"7302";"Maule";"Hualañé";10231;1650,41256072193;0,161314882291264;0,104182190071513;0,218447574511016;"Sí";"Directa y Sintética (Fay-Herriot)"
"7303";"Maule";"Licantén";6994;1009,25453229774;0,144302907105768;0,0966788315087885;0,191926982702748;"Sí";"Directa y Sintética (Fay-Herriot)"
"7304";"Maule";"Molina";51200;9176,00086847217;0,179218766962347;0,129545149689285;0,22889238423541;"Sí";"Directa y Sintética (Fay-Herriot)"
"7305";"Maule";"Rauco";11557;2160,7007349553;0,186960347404629;0,127430967590325;0,246489727218934;"Sí";"Directa y Sintética (Fay-Herriot)"
"7306";"Maule";"Romeral";16637;2725,21526331327;0,163804487787057;0,108072119713625;0,21953685586049;"Sí";"Directa y Sintética (Fay-Herriot)"
"7307";"Maule";"Sagrada Familia";19651;3269,13279238953;0,166359614899472;0,105271943694935;0,227447286104009;"Sí";"Directa y Sintética (Fay-Herriot)"
"7308";"Maule";"Teno";31493;5893,90381194967;0,187149646332508;0,130958745273249;0,243340547391766;"Sí";"Directa y Sintética (Fay-Herriot)"
"7309";"Maule";"Vichuquén";4348;878,321055920969;0,202005762631318;0,125443604060606;0,278567921202029;"Sí";"Sintética"
"7401";"Maule";"Linares";102909;10776,3964268689;0,104717725630109;0,0710511091735546;0,138384342086664;"Sí";"Directa y Sintética (Fay-Herriot)"
"7402";"Maule";"Colbún";23140;4715,8169035863;0,20379502608411;0,146997762443248;0,260592289724972;"Sí";"Directa y Sintética (Fay-Herriot)"
"7403";"Maule";"Longaví";33333;7168,33688794379;0,215052257160885;0,15750889577473;0,272595618547041;"Sí";"Directa y Sintética (Fay-Herriot)"
"7404";"Maule";"Parral";45211;6136,63235884091;0,135733170220542;0,0948771241472666;0,176589216293817;"Sí";"Directa y Sintética (Fay-Herriot)"
"7405";"Maule";"Retiro";21331;4026,59183750075;0,188767138788653;0,125379083653637;0,252155193923668;"Sí";"Directa y Sintética (Fay-Herriot)"
"7406";"Maule";"San Javier";50703;7863,74129524734;0,155094201432802;0,107200753027833;0,20298764983777;"Sí";"Directa y Sintética (Fay-Herriot)"
"7407";"Maule";"Villa Alegre";17835;2377,87193785873;0,133326152949747;0,0807731409001317;0,185879164999362;"Sí";"Directa y Sintética (Fay-Herriot)"
"7408";"Maule";"Yerbas Buenas";19576;3278,54210904174;0,167477631234253;0,10761194396026;0,227343318508246;"Sí";"Directa y Sintética (Fay-Herriot)"
"8101";"Biobío";"Concepción";239074;27440,4416629108;0,114778025477094;0,0909172156397821;0,138638835314406;"Sí";"Directa y Sintética (Fay-Herriot)"
"8102";"Biobío";"Coronel";127830;17356,3191520144;0,135776571634315;0,104017862905484;0,167535280363145;"Sí";"Directa y Sintética (Fay-Herriot)"
"8103";"Biobío";"Chiguayante";91687;9966,36457949563;0,108699865624305;0,0706036720869506;0,146796059161659;"Sí";"Directa y Sintética (Fay-Herriot)"
"8104";"Biobío";"Florida";11869;3256,85359085785;0,274399999229745;0,20408284527148;0,344717153188011;"Sí";"Directa y Sintética (Fay-Herriot)"
"8105";"Biobío";"Hualqui";26558;5540,72751436132;0,208627438600848;0,155075987054264;0,262178890147432;"Sí";"Directa y Sintética (Fay-Herriot)"
"8106";"Biobío";"Lota";45553;7979,06667283316;0,175160070090513;0,125007797004943;0,225312343176084;"Sí";"Directa y Sintética (Fay-Herriot)"
"8107";"Biobío";"Penco";50090;5772,42345487559;0,115241035234091;0,0765062099499776;0,153975860518203;"Sí";"Directa y Sintética (Fay-Herriot)"
"8108";"Biobío";"San Pedro De La Paz";150780;14254,0072831114;0,0945351325315787;0,0635035210970524;0,125566743966105;"Sí";"Directa y Sintética (Fay-Herriot)"
"8109";"Biobío";"Santa Juana";14855;2870,60641985618;0,193241765052587;0,141987227757094;0,244496302348081;"Sí";"Directa y Sintética (Fay-Herriot)"
"8110";"Biobío";"Talcahuano";158184;16691,6141016845;0,105520242892357;0,0819360120291226;0,129104473755591;"Sí";"Directa y Sintética (Fay-Herriot)"
"8111";"Biobío";"Tomé";58999;9050,02986952049;0,153392936651816;0,114828469522917;0,191957403780714;"Sí";"Directa y Sintética (Fay-Herriot)"
"8112";"Biobío";"Hualpén";97776;9466,08478439098;0,096813991003835;0,0656170757163725;0,128010906291298;"Sí";"Directa y Sintética (Fay-Herriot)"
"8201";"Biobío";"Lebu";27138;7152,12459973044;0,263546488309029;0,208129055556009;0,31896392106205;"Sí";"Directa y Sintética (Fay-Herriot)"
"8202";"Biobío";"Arauco";38861;6626,85626342299;0,170527167685417;0,116002887289902;0,225051448080932;"Sí";"Directa y Sintética (Fay-Herriot)"
"8203";"Biobío";"Cañete";37296;10163,299539648;0,272503741410554;0,211371555383578;0,333635927437529;"Sí";"Directa y Sintética (Fay-Herriot)"
"8204";"Biobío";"Contulmo";6354;1483,15409456005;0,23342053738748;0,172501254933918;0,294339819841042;"Sí";"Directa y Sintética (Fay-Herriot)"
"8205";"Biobío";"Curanilahue";33936;6729,00162851525;0,198285055059973;0,146180081829306;0,250390028290641;"Sí";"Directa y Sintética (Fay-Herriot)"
"8206";"Biobío";"Los Álamos";22801;4444,33057449642;0,194918230537977;0,137220443610794;0,252616017465161;"Sí";"Directa y Sintética (Fay-Herriot)"
"8207";"Biobío";"Tirúa";11078;3780,12738398336;0,341228324966904;0,267252079141986;0,415204570791822;"Sí";"Directa y Sintética (Fay-Herriot)"
"8301";"Biobío";"Los Ángeles";221851;31289,2835306918;0,141037378829448;0,113816452235647;0,168258305423248;"Sí";"Directa y Sintética (Fay-Herriot)"
"8302";"Biobío";"Antuco";4318;586,26681261345;0,135772768090192;0,0931836265918075;0,178361909588577;"Sí";"Directa y Sintética (Fay-Herriot)"
"8303";"Biobío";"Cabrero";30973;5254,85129708597;0,169659099767087;0,117854610602444;0,221463588931729;"Sí";"Directa y Sintética (Fay-Herriot)"
"8304";"Biobío";"Laja";23909;3899,39930072492;0,163093366545021;0,111361236215031;0,214825496875013;"Sí";"Directa y Sintética (Fay-Herriot)"
"8305";"Biobío";"Mulchén";31099;6997,53127857548;0,22500824073364;0,167960753163996;0,282055728303285;"Sí";"Directa y Sintética (Fay-Herriot)"
"8306";"Biobío";"Nacimiento";28003;3335,10962658361;0,11909829756039;0,0727794967657065;0,165417098355074;"Sí";"Directa y Sintética (Fay-Herriot)"
"8307";"Biobío";"Negrete";10527;1557,01380042187;0,147906697104766;0,0992531443742939;0,196560249835237;"Sí";"Directa y Sintética (Fay-Herriot)"
"8308";"Biobío";"Quilaco";4182;749,407566194759;0,179198365900229;0,127049122419384;0,231347609381075;"Sí";"Directa y Sintética (Fay-Herriot)"
"8309";"Biobío";"Quilleco";10006;1799,74469055546;0,179866549126071;0,123752239231999;0,235980859020142;"Sí";"Directa y Sintética (Fay-Herriot)"
"8310";"Biobío";"San Rosendo";3569;514,780438759608;0,144236603743236;0,0902781067963805;0,198195100690091;"Sí";"Directa y Sintética (Fay-Herriot)"
"8311";"Biobío";"Santa Bárbara";14648;2630,89454827997;0,179607765447841;0,117041767106106;0,242173763789577;"Sí";"Directa y Sintética (Fay-Herriot)"
"8312";"Biobío";"Tucapel";15340;2334,13678360083;0,15216015538467;0,0999245249796428;0,204395785789696;"Sí";"Directa y Sintética (Fay-Herriot)"
"8313";"Biobío";"Yumbel";22180;3573,30220257601;0,161104698042201;0,104314269388864;0,217895126695538;"Sí";"Directa y Sintética (Fay-Herriot)"
"8314";"Biobío";"Alto Biobío";6784;2639,78046801324;0,389118583138744;0,3186950036548;0,459542162622687;"Sí";"Directa y Sintética (Fay-Herriot)"
"9101";"La Araucanía";"Temuco";307099;42579,2255762177;0,138649834666403;0,112115054036374;0,165184615296432;"Sí";"Directa y Sintética (Fay-Herriot)"
"9102";"La Araucanía";"Carahue";25516;7758,21243616498;0,304052846690899;0,240831865859592;0,367273827522206;"Sí";"Directa y Sintética (Fay-Herriot)"
"9103";"La Araucanía";"Cunco";18059;3247,62222950704;0,17983400130168;0,123184821489073;0,236483181114287;"Sí";"Directa y Sintética (Fay-Herriot)"
"9104";"La Araucanía";"Curarrehue";7842;1812,19480295537;0,231088345186862;0,170215731662665;0,29196095871106;"Sí";"Directa y Sintética (Fay-Herriot)"
"9105";"La Araucanía";"Freire";25479;6380,74113848257;0,250431380292891;0,186600565655652;0,31426219493013;"Sí";"Directa y Sintética (Fay-Herriot)"
"9106";"La Araucanía";"Galvarino";12594;5029,26640991082;0,399338288860634;0,313002848741468;0,4856737289798;"Sí";"Directa y Sintética (Fay-Herriot)"
"9107";"La Araucanía";"Gorbea";15089;2986,67187815021;0,197937032152576;0,13465212935563;0,261221934949522;"Sí";"Directa y Sintética (Fay-Herriot)"
"9108";"La Araucanía";"Lautaro";41460;8084,86524688238;0,195003985694221;0,14033304380329;0,249674927585151;"Sí";"Directa y Sintética (Fay-Herriot)"
"9109";"La Araucanía";"Loncoche";24780;3891,17792960455;0,157028972139005;0,10321636600122;0,210841578276791;"Sí";"Directa y Sintética (Fay-Herriot)"
"9110";"La Araucanía";"Melipeuco";6299;1107,13194025192;0,175763127520545;0,120349204204544;0,231177050836547;"Sí";"Directa y Sintética (Fay-Herriot)"
"9111";"La Araucanía";"Nueva Imperial";34018;8023,04179151028;0,235846957243526;0,180860638946595;0,290833275540457;"Sí";"Directa y Sintética (Fay-Herriot)"
"9112";"La Araucanía";"Padre Las Casas";84144;16673,3859036771;0,19815299847496;0,152437557947219;0,243868439002701;"Sí";"Directa y Sintética (Fay-Herriot)"
"9113";"La Araucanía";"Perquenco";7259;1686,83959498835;0,232379059786245;0,168371386564901;0,296386733007589;"Sí";"Directa y Sintética (Fay-Herriot)"
"9114";"La Araucanía";"Pitrufquén";26418;4632,0319705989;0,17533620904682;0,127547961115566;0,223124456978074;"Sí";"Directa y Sintética (Fay-Herriot)"
"9115";"La Araucanía";"Pucón";30373;6098,31621957039;0,200780832304033;0,144399634248692;0,257162030359374;"Sí";"Directa y Sintética (Fay-Herriot)"
"9116";"La Araucanía";"Saavedra";12717;5654,12731548281;0,444611725680806;0,361494249340077;0,527729202021534;"Sí";"Directa y Sintética (Fay-Herriot)"
"9117";"La Araucanía";"Teodoro Schmidt";15767;4087,27496836112;0,259229718295245;0,191526434189658;0,326933002400831;"Sí";"Directa y Sintética (Fay-Herriot)"
"9118";"La Araucanía";"Toltén";9981;2667,87045064924;0,267294905385156;0,198219640750826;0,336370170019487;"Sí";"Directa y Sintética (Fay-Herriot)"
"9119";"La Araucanía";"Vilcún";31949;7267,43681245219;0,22746993059101;0,167446462951192;0,287493398230829;"Sí";"Directa y Sintética (Fay-Herriot)"
"9120";"La Araucanía";"Villarrica";60093;9434,00352248895;0,156990057452431;0,116688266671702;0,197291848233161;"Sí";"Directa y Sintética (Fay-Herriot)"
"9121";"La Araucanía";"Cholchol";12539;4578,12454353822;0,365110817731734;0,289030594610388;0,441191040853081;"Sí";"Directa y Sintética (Fay-Herriot)"
"9201";"La Araucanía";"Angol";56542;11102,5909345403;0,196360067463837;0,155925508737356;0,236794626190319;"Sí";"Directa y Sintética (Fay-Herriot)"
"9202";"La Araucanía";"Collipulli";26414;5830,35046129141;0,220729554830447;0,161871521346495;0,279587588314398;"Sí";"Directa y Sintética (Fay-Herriot)"
"9203";"La Araucanía";"Curacautín";18217;3442,40652293032;0,188966708180838;0,123288956650268;0,254644459711407;"Sí";"Directa y Sintética (Fay-Herriot)"
"9204";"La Araucanía";"Ercilla";8422;3503,40141059828;0,415982119520099;0,361067112889947;0,470897126150251;"Sí";"Directa y Sintética (Fay-Herriot)"
"9205";"La Araucanía";"Lonquimay";11091;3544,96168806942;0,319625073308937;0,242334069732796;0,396916076885077;"Sí";"Directa y Sintética (Fay-Herriot)"
"9206";"La Araucanía";"Los Sauces";7494;1908,92502680202;0,254727118601817;0,195723099841327;0,313731137362307;"Sí";"Directa y Sintética (Fay-Herriot)"
"9207";"La Araucanía";"Lumaco";9959;3399,55137054399;0,341354691288683;0,266897382165098;0,415812000412268;"Sí";"Directa y Sintética (Fay-Herriot)"
"9208";"La Araucanía";"Purén";12136;3753,24114070672;0,309265090697653;0,24506559318955;0,373464588205756;"Sí";"Directa y Sintética (Fay-Herriot)"
"9209";"La Araucanía";"Renaico";10939;1818,0292540128;0,166197024774915;0,109160861050532;0,223233188499299;"Sí";"Directa y Sintética (Fay-Herriot)"
"9210";"La Araucanía";"Traiguén";19278;4076,704846337;0,211469283449372;0,152882861445448;0,270055705453296;"Sí";"Directa y Sintética (Fay-Herriot)"
"9211";"La Araucanía";"Victoria";35534;6872,36923674281;0,19340263513094;0,139755430563627;0,247049839698252;"Sí";"Directa y Sintética (Fay-Herriot)"
"10101";"Los Lagos";"Puerto Montt";276525;42856,3253153513;0,154981738777149;0,125598883700587;0,184364593853712;"Sí";"Directa y Sintética (Fay-Herriot)"
"10102";"Los Lagos";"Calbuco";37293;12351,5863520409;0,331203881480196;0,270937317099233;0,39147044586116;"Sí";"Directa y Sintética (Fay-Herriot)"
"10103";"Los Lagos";"Cochamó";3972;903,032416698847;0,227349551031935;0,135542940660471;0,319156161403399;"No";"Sintética"
"10104";"Los Lagos";"Fresia";12606;3599,903785229;0,285570663591068;0,212317677037889;0,358823650144247;"Sí";"Directa y Sintética (Fay-Herriot)"
"10105";"Los Lagos";"Frutillar";20589;4182,09560698071;0,203122813491705;0,141043166220112;0,265202460763298;"Sí";"Directa y Sintética (Fay-Herriot)"
"10106";"Los Lagos";"Los Muermos";17826;5209,19756786942;0,292224703683912;0,215179245126743;0,369270162241081;"Sí";"Directa y Sintética (Fay-Herriot)"
"10107";"Los Lagos";"Llanquihue";18775;3371,08343001847;0,179551713982342;0,12092791414308;0,238175513821604;"Sí";"Directa y Sintética (Fay-Herriot)"
"10108";"Los Lagos";"Maullín";14796;4465,60550771479;0,301811672594944;0,22763361417624;0,375989731013647;"Sí";"Directa y Sintética (Fay-Herriot)"
"10109";"Los Lagos";"Puerto Varas";50272;7036,35557684372;0,139965698138998;0,0907301535771472;0,189201242700849;"Sí";"Directa y Sintética (Fay-Herriot)"
"10201";"Los Lagos";"Castro";48336;8802,65744260753;0,182113899425015;0,132553113821596;0,231674685028434;"Sí";"Directa y Sintética (Fay-Herriot)"
"10202";"Los Lagos";"Ancud";42489;9752,40025129921;0,229527648363087;0,175853128463506;0,283202168262669;"Sí";"Directa y Sintética (Fay-Herriot)"
"10203";"Los Lagos";"Chonchi";16180;4602,44291525027;0,284452590559349;0,209582002783849;0,359323178334849;"Sí";"Directa y Sintética (Fay-Herriot)"
"10204";"Los Lagos";"Curaco De Vélez";4109;1082,0914364076;0,263346662547481;0,176058368116032;0,350634956978931;"Sí";"Sintética"
"10205";"Los Lagos";"Dalcahue";15316;4377,46153872213;0,285809711329468;0,211176642072298;0,360442780586638;"Sí";"Directa y Sintética (Fay-Herriot)"
"10206";"Los Lagos";"Puqueldón";4192;1015,50494938874;0,242248318079375;0,176386575347456;0,308110060811294;"Sí";"Directa y Sintética (Fay-Herriot)"
"10207";"Los Lagos";"Queilén";5544;1624,38448697796;0,292998644837293;0,202407591837429;0,383589697837158;"Sí";"Sintética"
"10208";"Los Lagos";"Quellón";29791;8910,22117534222;0,299091040090706;0,232828097417282;0,36535398276413;"Sí";"Directa y Sintética (Fay-Herriot)"
"10209";"Los Lagos";"Quemchi";8764;2051,96820490155;0,234136034333815;0,163791554869154;0,304480513798476;"Sí";"Directa y Sintética (Fay-Herriot)"
"10210";"Los Lagos";"Quinchao";8223;2076,19319043868;0,252486098800764;0,179947593020581;0,325024604580947;"Sí";"Directa y Sintética (Fay-Herriot)"
"10301";"Los Lagos";"Osorno";175275;24958,7315385631;0,142397555490305;0,109314745372644;0,175480365607965;"Sí";"Directa y Sintética (Fay-Herriot)"
"10302";"Los Lagos";"Puerto Octay";9108;2794,47195305998;0,306815102444003;0,235697495900981;0,377932708987025;"Sí";"Directa y Sintética (Fay-Herriot)"
"10303";"Los Lagos";"Purranque";21006;5421,8295522815;0,258108614314077;0,190151286135281;0,326065942492873;"Sí";"Directa y Sintética (Fay-Herriot)"
"10304";"Los Lagos";"Puyehue";11806;2826,98458107726;0,239453208629278;0,172635083174731;0,306271334083826;"Sí";"Directa y Sintética (Fay-Herriot)"
"10305";"Los Lagos";"Río Negro";14160;3260,80096814294;0,230282554247383;0,154282420227896;0,30628268826687;"Sí";"Sintética"
"10306";"Los Lagos";"San Juan De La Costa";7521;2923,05971602738;0,388653066883045;0,314455046396889;0,4628510873692;"Sí";"Directa y Sintética (Fay-Herriot)"
"10307";"Los Lagos";"San Pablo";10546;2692,85944375031;0,255344153589068;0,192014855448413;0,318673451729723;"Sí";"Directa y Sintética (Fay-Herriot)"
"10401";"Los Lagos";"Chaitén";5052;1247,79254698129;0,246989815316962;0,164563948407416;0,329415682226508;"No";"Sintética"
"10402";"Los Lagos";"Futaleufú";2872;652,699676805726;0,227263118664946;0,145023797494884;0,309502439835009;"No";"Sintética"
"10403";"Los Lagos";"Hualaihué";9556;2502,14371086544;0,261840070203583;0,177747052587307;0,345933087819858;"No";"Sintética"
"10404";"Los Lagos";"Palena";1821;373,705358829754;0,205219856578668;0,129042301553441;0,281397411603894;"No";"Sintética"
"11101";"Aysén";"Coyhaique";61766;8623,56026189891;0,139616621796764;0,123110148715221;0,156123094878306;"Sí";"Directa y Sintética (Fay-Herriot)"
"11102";"Aysén";"Lago Verde";913;163,896262902717;0,179513979082932;0,0970825703775411;0,261945387788322;"Sí";"Sintética"
"11201";"Aysén";"Aysén";25100;3212,07104163445;0,127970957834042;0,100818440536214;0,155123475131869;"Sí";"Directa y Sintética (Fay-Herriot)"
"11202";"Aysén";"Cisnes";5862;721,078508907828;0,123008957507306;0,0800238352853443;0,165994079729268;"Sí";"Directa y Sintética (Fay-Herriot)"
"11203";"Aysén";"Guaitecas";1606;355,800402745269;0,221544459990828;0,129575743041587;0,313513176940069;"No";"Sintética"
"11301";"Aysén";"Cochrane";3722;534,091953519894;0,143495957420713;0,0852873526431116;0,201704562198315;"Sí";"Directa y Sintética (Fay-Herriot)"
"11302";"Aysén";"O’higgins";672;81,3959190829551;0,121124879587731;0,0278467149575593;0,214403044217902;"No";"Sintética"
"11303";"Aysén";"Tortel";574;70,575044816118;0,122953039749335;0,0518597271747384;0,194046352323931;"Sí";"Sintética"
"11401";"Aysén";"Chile Chico";5143;840,664953714045;0,163458089386359;0,0837029582494064;0,243213220523312;"Sí";"Sintética"
"11402";"Aysén";"Río Ibáñez";2705;509,715007100725;0,188434383401377;0,0941290618529669;0,282739704949787;"Sí";"Sintética"
"12101";"Magallanes";"Punta Arenas";144415;10220,5106676508;0,070771808106158;0,0613950932162799;0,080148522996036;"Sí";"Directa y Sintética (Fay-Herriot)"
"12102";"Magallanes";"Laguna Blanca";257;0,906748124647183;0,00352820281963884;0;0,0214319371081734;"Sí";"Sintética"
"12103";"Magallanes";"Río Verde";207;0,234563753963177;0,00113315823170617;0;0,0146021921032768;"Sí";"Sintética"
"12104";"Magallanes";"San Gregorio";662;62,2301450131148;0,0940032402010798;0,00122052486591613;0,186785955536243;"Sí";"Sintética"
"12201";"Magallanes";"Cabo De Hornos";1977;31,2270590459508;0,0157951740242543;0;0,0443888738142355;"Sí";"Sintética"
"12301";"Magallanes";"Porvenir";7528;934,972010571593;0,124199257514824;0,0898154354905072;0,15858307953914;"Sí";"Directa y Sintética (Fay-Herriot)"
"12302";"Magallanes";"Primavera";684;54,4943346481889;0,079670079895013;0,0222992398732781;0,137040919916748;"Sí";"Sintética"
"12303";"Magallanes";"Timaukel";265;9,08264240126038;0,0342741222689071;0;0,0782941036715692;"Sí";"Sintética"
"12401";"Magallanes";"Natales";24339;1122,96236955432;0,0461383939173473;0,0210815267454826;0,071195261089212;"Sí";"Directa y Sintética (Fay-Herriot)"
"12402";"Magallanes";"Torres Del Paine";1057;35,2394074608023;0,0333390799061517;0;0,0855459087761548;"Sí";"Sintética"
"13101";"Metropolitana";"Santiago";530538;87355,0628037902;0,164653734141174;0,108765166880272;0,220542301402076;"Sí";"Directa y Sintética (Fay-Herriot)"
"13102";"Metropolitana";"Cerrillos";89907;20277,3975872184;0,225537473024552;0,158500813829989;0,292574132219115;"Sí";"Directa y Sintética (Fay-Herriot)"
"13103";"Metropolitana";"Cerro Navia";141122;32490,2610708276;0,23022817895741;0,162091395639904;0,298364962274916;"Sí";"Directa y Sintética (Fay-Herriot)"
"13104";"Metropolitana";"Conchalí";138230;25876,918184414;0,187201896725848;0,123801186896588;0,250602606555109;"Sí";"Directa y Sintética (Fay-Herriot)"
"13105";"Metropolitana";"El Bosque";170902;29869,1924392216;0,174773802759602;0,119495583515028;0,230052022004176;"Sí";"Directa y Sintética (Fay-Herriot)"
"13106";"Metropolitana";"Estación Central";218525;49849,1273164745;0,228116358844409;0,170074555753216;0,286158161935603;"Sí";"Directa y Sintética (Fay-Herriot)"
"13107";"Metropolitana";"Huechuraba";116377;21697,8230273691;0,18644425468408;0,125224029099259;0,2476644802689;"Sí";"Directa y Sintética (Fay-Herriot)"
"13108";"Metropolitana";"Independencia";150807;33805,8275010702;0,224166169349368;0,156885492800795;0,291446845897941;"Sí";"Directa y Sintética (Fay-Herriot)"
"13109";"Metropolitana";"La Cisterna";101315;13649,9592539157;0,13472792038608;0,0785280900403053;0,190927750731855;"Sí";"Directa y Sintética (Fay-Herriot)"
"13110";"Metropolitana";"La Florida";406402;53467,2361454792;0,131562433613711;0,0921091243146802;0,171015742912741;"Sí";"Directa y Sintética (Fay-Herriot)"
"13111";"Metropolitana";"La Granja";120772;26942,4070283163;0,223084879179912;0,157039116447873;0,289130641911951;"Sí";"Directa y Sintética (Fay-Herriot)"
"13112";"Metropolitana";"La Pintana";189224;51087,1669768116;0,269982491527563;0,212807481326181;0,327157501728945;"Sí";"Directa y Sintética (Fay-Herriot)"
"13113";"Metropolitana";"La Reina";99946;4895,39135833092;0,0489803629793181;0,0147134060958783;0,0832473198627578;"Sí";"Directa y Sintética (Fay-Herriot)"
"13114";"Metropolitana";"Las Condes";339547;15049,3242942991;0,0443217707542669;0,0188465364394295;0,0697970050691044;"Sí";"Directa y Sintética (Fay-Herriot)"
"13115";"Metropolitana";"Lo Barnechea";128997;14045,1976457484;0,108880033223629;0,0639362669736795;0,153823799473577;"Sí";"Directa y Sintética (Fay-Herriot)"
"13116";"Metropolitana";"Lo Espejo";102145;29398,0032109211;0,287806580947879;0,215186407221439;0,360426754674318;"Sí";"Directa y Sintética (Fay-Herriot)"
"13117";"Metropolitana";"Lo Prado";103390;19978,2284580553;0,19323172896852;0,126245314346001;0,260218143591039;"Sí";"Directa y Sintética (Fay-Herriot)"
"13118";"Metropolitana";"Macul";137336;18466,5279101471;0,134462398134117;0,0810290629939083;0,187895733274325;"Sí";"Directa y Sintética (Fay-Herriot)"
"13119";"Metropolitana";"Maipú";585951;86975,67940806;0,148435072912343;0,112277944825555;0,18459220099913;"Sí";"Directa y Sintética (Fay-Herriot)"
"13120";"Metropolitana";"Ñuñoa";261138;13496,4107975502;0,0516830595223607;0,018342565892694;0,0850235531520275;"Sí";"Directa y Sintética (Fay-Herriot)"
"13121";"Metropolitana";"Pedro Aguirre Cerda";106065;21397,6291255079;0,201740716782236;0,139542057696992;0,26393937586748;"Sí";"Directa y Sintética (Fay-Herriot)"
"13122";"Metropolitana";"Peñalolén";271089;45119,6931268305;0,166438671900485;0,11274876408498;0,220128579715989;"Sí";"Directa y Sintética (Fay-Herriot)"
"13123";"Metropolitana";"Providencia";162013;7004,1423958304;0,0432319776550672;0,0152177785847454;0,071246176725389;"Sí";"Directa y Sintética (Fay-Herriot)"
"13124";"Metropolitana";"Pudahuel";259195;43743,7089336412;0,168767564704725;0,120234978957149;0,217300150452301;"Sí";"Directa y Sintética (Fay-Herriot)"
"13125";"Metropolitana";"Quilicura";268706;45806,7244707379;0,170471535696032;0,117484931013888;0,223458140378175;"Sí";"Directa y Sintética (Fay-Herriot)"
"13126";"Metropolitana";"Quinta Normal";140381;27627,9265478852;0,196806737007752;0,137611164542219;0,256002309473284;"Sí";"Directa y Sintética (Fay-Herriot)"
"13127";"Metropolitana";"Recoleta";195514;41370,9815172879;0,211601120724285;0,152162291727033;0,271039949721538;"Sí";"Directa y Sintética (Fay-Herriot)"
"13128";"Metropolitana";"Renca";162638;31709,6483558115;0,194970722437631;0,13152047797715;0,258420966898113;"Sí";"Directa y Sintética (Fay-Herriot)"
"13129";"Metropolitana";"San Joaquín";103586;20317,3633364917;0,196140051131347;0,137684524896607;0,254595577366086;"Sí";"Directa y Sintética (Fay-Herriot)"
"13130";"Metropolitana";"San Miguel";140870;18200,3040274625;0,129199290320597;0,0826536782632566;0,175744902377938;"Sí";"Directa y Sintética (Fay-Herriot)"
"13131";"Metropolitana";"San Ramón";84926;16282,9041261286;0,191730496268853;0,130984623289389;0,252476369248316;"Sí";"Directa y Sintética (Fay-Herriot)"
"13132";"Metropolitana";"Vitacura";97546;2382,47536717733;0,0244241216162357;0;0,050944280575964;"Sí";"Directa y Sintética (Fay-Herriot)"
"13201";"Metropolitana";"Puente Alto";661900;125234,776993863;0,1892049811057;0,144938991660791;0,23347097055061;"Sí";"Directa y Sintética (Fay-Herriot)"
"13202";"Metropolitana";"Pirque";32041;6221,69667279295;0,194179228887767;0,133546750766241;0,254811707009294;"Sí";"Directa y Sintética (Fay-Herriot)"
"13203";"Metropolitana";"San José De Maipo";19211;4687,65526240729;0,244008914809603;0,180343403171619;0,307674426447588;"Sí";"Directa y Sintética (Fay-Herriot)"
"13301";"Metropolitana";"Colina";191338;47025,0602830214;0,245769582012049;0,172644363604133;0,318894800419964;"Sí";"Directa y Sintética (Fay-Herriot)"
"13302";"Metropolitana";"Lampa";137016;35083,6413448542;0,256055069078459;0,191235633630633;0,320874504526286;"Sí";"Directa y Sintética (Fay-Herriot)"
"13303";"Metropolitana";"Tiltil";22110;6392,57229865365;0,289125838925991;0,208147911139203;0,370103766712778;"Sí";"Directa y Sintética (Fay-Herriot)"
"13401";"Metropolitana";"San Bernardo";343570;64276,1132897647;0,187083020315408;0,140367903815528;0,233798136815288;"Sí";"Directa y Sintética (Fay-Herriot)"
"13402";"Metropolitana";"Buin";114827;21955,5860238328;0,191205779336156;0,133439551577764;0,248972007094548;"Sí";"Directa y Sintética (Fay-Herriot)"
"13403";"Metropolitana";"Calera De Tango";29640;5508,17468361122;0,185835853023321;0,12246455208261;0,249207153964031;"Sí";"Directa y Sintética (Fay-Herriot)"
"13404";"Metropolitana";"Paine";86258;18069,7648967807;0,209485090041279;0,142730850737427;0,276239329345132;"Sí";"Directa y Sintética (Fay-Herriot)"
"13501";"Metropolitana";"Melipilla";146241;33359,5448683786;0,228113489844699;0,165781837034254;0,290445142655144;"Sí";"Directa y Sintética (Fay-Herriot)"
"13502";"Metropolitana";"Alhué";7691;2238,87710930312;0,291103511806412;0,225365245184072;0,356841778428752;"Sí";"Directa y Sintética (Fay-Herriot)"
"13503";"Metropolitana";"Curacaví";37653;9730,23990972313;0,258418715898418;0,189757276703852;0,327080155092984;"Sí";"Directa y Sintética (Fay-Herriot)"
"13504";"Metropolitana";"María Pinto";15382;4177,63042043146;0,271592147993204;0,201364953831392;0,341819342155016;"Sí";"Directa y Sintética (Fay-Herriot)"
"13505";"Metropolitana";"San Pedro";12336;3938,61230327175;0,319277910446802;0,230865184918319;0,407690635975285;"Sí";"Directa y Sintética (Fay-Herriot)"
"13601";"Metropolitana";"Talagante";84153;14297,4639432281;0,169898446201895;0,110970281928536;0,228826610475255;"Sí";"Directa y Sintética (Fay-Herriot)"
"13602";"Metropolitana";"El Monte";41392;9505,16657249907;0,229637769919286;0,15655335577225;0,302722184066322;"Sí";"Directa y Sintética (Fay-Herriot)"
"13603";"Metropolitana";"Isla De Maipo";41550;9505,26048635888;0,228766798708998;0,162087146301283;0,295446451116713;"Sí";"Directa y Sintética (Fay-Herriot)"
"13604";"Metropolitana";"Padre Hurtado";78847;15418,4909610878;0,195549494097274;0,135345560528659;0,25575342766589;"Sí";"Directa y Sintética (Fay-Herriot)"
"13605";"Metropolitana";"Peñaflor";104684;15839,6826564341;0,151309490050382;0,0952979876321855;0,207320992468578;"Sí";"Directa y Sintética (Fay-Herriot)"
"14101";"Los Ríos";"Valdivia";180022;24955,0640126305;0,13862230178884;0,122051958151385;0,155192645426295;"Sí";"Directa y Sintética (Fay-Herriot)"
"14102";"Los Ríos";"Corral";5427;1259,2206064681;0,23202885691323;0,151433636922208;0,312624076904252;"Sí";"Sintética"
"14103";"Los Ríos";"Lanco";17906;2796,28729220216;0,156164821411938;0,111988662195222;0,200340980628653;"Sí";"Directa y Sintética (Fay-Herriot)"
"14104";"Los Ríos";"Los Lagos";20525;4950,37271233425;0,241187464669147;0,197387946993662;0,284986982344632;"Sí";"Directa y Sintética (Fay-Herriot)"
"14105";"Los Ríos";"Máfil";7387;1692,80972773329;0,22916065083705;0,145379996739046;0,312941304935055;"Sí";"Sintética"
"14106";"Los Ríos";"Mariquina";23720;6299,82181523947;0,265591138922406;0,221253767492415;0,309928510352397;"Sí";"Directa y Sintética (Fay-Herriot)"
"14107";"Los Ríos";"Paillaco";20889;3595,01585278433;0,172100907309317;0,135499127291373;0,208702687327262;"Sí";"Directa y Sintética (Fay-Herriot)"
"14108";"Los Ríos";"Panguipulli";36145;9072,9775122449;0,251016115984089;0,216920564132012;0,285111667836166;"Sí";"Directa y Sintética (Fay-Herriot)"
"14201";"Los Ríos";"La Unión";39640;7368,08404417482;0,185874975887357;0,156459105387553;0,215290846387161;"Sí";"Directa y Sintética (Fay-Herriot)"
"14202";"Los Ríos";"Futrono";15228;2904,94643855609;0,190763490842927;0,148871565849155;0,232655415836699;"Sí";"Directa y Sintética (Fay-Herriot)"
"14203";"Los Ríos";"Lago Ranco";10287;3646,59472423053;0,354485731917034;0,296647819120194;0,412323644713873;"Sí";"Directa y Sintética (Fay-Herriot)"
"14204";"Los Ríos";"Río Bueno";32950;6929,49671682551;0,210303390495463;0,176052053571683;0,244554727419243;"Sí";"Directa y Sintética (Fay-Herriot)"
"15101";"Arica y Parinacota";"Arica";253909;46569,8034047986;0,183411393077042;0,165302070643039;0,201520715511045;"Sí";"Directa y Sintética (Fay-Herriot)"
"15102";"Arica y Parinacota";"Camarones";1242;460,041462002362;0,37040375362509;0,216142247487269;0,52466525976291;"Sí";"Sintética"
"15201";"Arica y Parinacota";"Putre";2152;664,452385890363;0,30876040236541;0,186932670255803;0,430588134475017;"Sí";"Sintética"
"15202";"Arica y Parinacota";"General Lagos";668;391,708166531596;0,586389470855682;0,434680150521288;0,738098791190077;"Sí";"Sintética"
"16101";"Ñuble";"Chillán";202038;25651,3705137133;0,126963098593895;0,106167493201909;0,14775870398588;"Sí";"Directa y Sintética (Fay-Herriot)"
"16102";"Ñuble";"Bulnes";22711;2289,41916383118;0,100806620749028;0,0576412123743576;0,143972029123698;"Sí";"Directa y Sintética (Fay-Herriot)"
"16103";"Ñuble";"Chillán Viejo";34933;5317,42030508475;0,152217682566191;0,115033669579044;0,189401695553338;"Sí";"Directa y Sintética (Fay-Herriot)"
"16104";"Ñuble";"El Carmen";12263;2324,76406644512;0,189575476347151;0,132283950703631;0,246867001990672;"Sí";"Directa y Sintética (Fay-Herriot)"
"16105";"Ñuble";"Pemuco";8605;1728,43752087623;0,200864325494042;0,127483914251811;0,274244736736272;"Sí";"Sintética"
"16106";"Ñuble";"Pinto";12064;2709,11680393683;0,224562069291846;0,16656559091267;0,282558547671023;"Sí";"Directa y Sintética (Fay-Herriot)"
"16107";"Ñuble";"Quillón";19102;2292,76911632945;0,120027699525152;0,0730783484275731;0,166977050622731;"Sí";"Directa y Sintética (Fay-Herriot)"
"16108";"Ñuble";"San Ignacio";16621;3596,01508382161;0,216353714206222;0,165891259643372;0,266816168769071;"Sí";"Directa y Sintética (Fay-Herriot)"
"16109";"Ñuble";"Yungay";18748;2408,39105783079;0,128461225615041;0,0864753796251199;0,170447071604962;"Sí";"Directa y Sintética (Fay-Herriot)"
"16201";"Ñuble";"Quirihue";12228;2314,59784045133;0,189286705957747;0,140684045469659;0,237889366445835;"Sí";"Directa y Sintética (Fay-Herriot)"
"16202";"Ñuble";"Cobquecura";5248;1273,51907286745;0,242667506262853;0,158215702764865;0,32711930976084;"Sí";"Sintética"
"16203";"Ñuble";"Coelemu";16888;3111,92255919151;0,184268270913756;0,133910885330712;0,2346256564968;"Sí";"Directa y Sintética (Fay-Herriot)"
"16204";"Ñuble";"Ninhue";5377;1149,88882115273;0,21385323064027;0,130223678070736;0,297482783209804;"Sí";"Sintética"
"16205";"Ñuble";"Portezuelo";4899;1018,78988505382;0,207958743632134;0,145562071514697;0,27035541574957;"Sí";"Directa y Sintética (Fay-Herriot)"
"16206";"Ñuble";"Ránquil";6285;971,610710279572;0,154591998453392;0,0833468950982832;0,225837101808502;"Sí";"Sintética"
"16207";"Ñuble";"Treguaco";5747;1078,72315402397;0,187701958243253;0,138665099514058;0,236738816972448;"Sí";"Directa y Sintética (Fay-Herriot)"
"16301";"Ñuble";"San Carlos";56782;8555,25643078166;0,150668458856357;0,115008994694011;0,186327923018704;"Sí";"Directa y Sintética (Fay-Herriot)"
"16302";"Ñuble";"Coihueco";28817;7057,89319524203;0,244921164425236;0,189551799750971;0,300290529099501;"Sí";"Directa y Sintética (Fay-Herriot)"
"16303";"Ñuble";"Ñiquén";11543;2211,64459741408;0,191600502245004;0,117714692039294;0,265486312450714;"Sí";"Sintética"
"16304";"Ñuble";"San Fabián";4738;712,309026272598;0,150339600310806;0,0791460915734734;0,221533109048138;"Sí";"Sintética"
"16305";"Ñuble";"San Nicolás";12365;2437,47808885268;0,197127221096051;0,124273267659;0,269981174533102;"Sí";"Directa y Sintética (Fay-Herriot)"
